{"cameraMode":{"drawMode":0,"name":"Shaded","section":"Shading Mode"},"sceneLighting":false,"audioPlay":false,"sceneViewState":{"m_AlwaysRefresh":false,"showFog":true,"showSkybox":false,"showFlares":true,"showImageEffects":true,"showParticleSystems":true,"showVisualEffectGraphs":true,"m_FxEnabled":true},"in2DMode":false,"pivot":{"x":0.7199993133544922,"y":1.970000147819519,"z":0.3599998950958252},"rotation":{"x":0.11330264061689377,"y":0.7261731028556824,"z":-0.12338773906230927,"w":0.6668012142181397},"size":3.9219608306884767,"orthographic":false}