{"cameraMode":{"drawMode":0,"name":"Shaded","section":"Shading Mode"},"sceneLighting":true,"audioPlay":false,"sceneViewState":{"m_AlwaysRefresh":false,"showFog":true,"showSkybox":true,"showFlares":true,"showImageEffects":true,"showParticleSystems":true,"showVisualEffectGraphs":true,"m_FxEnabled":true},"in2DMode":false,"pivot":{"x":-0.4163937568664551,"y":-1.4372551441192628,"z":-0.034192852675914767},"rotation":{"x":0.11309871822595597,"y":0.6883435845375061,"z":-0.10995341837406159,"w":0.708029568195343},"size":7.022119998931885,"orthographic":false}