{"cameraMode":{"drawMode":0,"name":"Shaded","section":"Shading Mode"},"sceneLighting":true,"audioPlay":false,"sceneViewState":{"m_AlwaysRefresh":false,"showFog":true,"showSkybox":true,"showFlares":true,"showImageEffects":true,"showParticleSystems":true,"showVisualEffectGraphs":true,"m_FxEnabled":true},"in2DMode":false,"pivot":{"x":-0.882644534111023,"y":0.3898829221725464,"z":0.9712420701980591},"rotation":{"x":0.11309871822595597,"y":0.6883435845375061,"z":-0.10995341837406159,"w":0.708029568195343},"size":13.456881523132325,"orthographic":false}