{"cameraMode":{"drawMode":0,"name":"Shaded","section":"Shading Mode"},"sceneLighting":true,"audioPlay":false,"sceneViewState":{"m_AlwaysRefresh":false,"showFog":true,"showSkybox":true,"showFlares":true,"showImageEffects":true,"showParticleSystems":true,"showVisualEffectGraphs":true,"m_FxEnabled":true},"in2DMode":false,"pivot":{"x":-1.0963140726089478,"y":-0.17773176729679109,"z":1.9538404941558838},"rotation":{"x":0.11309871822595597,"y":0.6883435845375061,"z":-0.10995341837406159,"w":0.708029568195343},"size":0.8660253882408142,"orthographic":false}