{"cameraMode":{"drawMode":0,"name":"Shaded","section":"Shading Mode"},"sceneLighting":true,"audioPlay":false,"sceneViewState":{"m_AlwaysRefresh":false,"showFog":true,"showSkybox":true,"showFlares":true,"showImageEffects":true,"showParticleSystems":true,"showVisualEffectGraphs":true,"m_FxEnabled":true},"in2DMode":false,"pivot":{"x":14.739705085754395,"y":-2.0710995197296144,"z":-1.0108437538146973},"rotation":{"x":0.06820350885391236,"y":0.8464722633361816,"z":-0.11186947673559189,"w":0.5160636901855469},"size":13.574836730957032,"orthographic":false}